{
  "title": "GlowUp365 Onboarding Questionnaire",
  "steps": [
    {
      "id": "name",
      "type": "text",
      "label": "Nome"
    },
    {
      "id": "age",
      "type": "number",
      "label": "Idade",
      "validation": ">=13"
    },
    {
      "id": "sex",
      "type": "select",
      "label": "Sexo",
      "options": [
        "Masculino",
        "Feminino",
        "Prefiro não dizer"
      ]
    },
    {
      "id": "weight",
      "type": "number",
      "label": "Peso (kg)"
    },
    {
      "id": "height",
      "type": "number",
      "label": "Altura (cm)"
    },
    {
      "id": "objectives",
      "type": "multiselect",
      "label": "Objetivo principal",
      "options": [
        "Emagrecer",
        "Ganhar massa",
        "Tonificar",
        "Melhorar condicionamento",
        "Melhorar pele",
        "Reduzir acne",
        "Rejuvenescer rosto"
      ]
    },
    {
      "id": "activity_level",
      "type": "select",
      "label": "Nível de atividade atual",
      "options": [
        "Sedentário",
        "Leve",
        "Moderado",
        "Intenso"
      ]
    },
    {
      "id": "session_time",
      "type": "select",
      "label": "Tempo por sessão",
      "options": [
        "10",
        "20",
        "30",
        "45",
        "60"
      ]
    },
    {
      "id": "days_per_week",
      "type": "number",
      "label": "Dias por semana",
      "min": 1,
      "max": 7
    },
    {
      "id": "location",
      "type": "select",
      "label": "Local preferido",
      "options": [
        "Casa",
        "Academia",
        "Ao ar livre"
      ]
    },
    {
      "id": "equipment",
      "type": "multiselect",
      "label": "Equipamento disponível",
      "options": [
        "Nenhum",
        "Halteres",
        "Barra",
        "Elástico",
        "Máquina"
      ]
    },
    {
      "id": "face_routine",
      "type": "select",
      "label": "Rotina facial atual",
      "options": [
        "Nenhuma",
        "Simples",
        "Intermediária",
        "Avançada"
      ]
    },
    {
      "id": "skin_issues",
      "type": "multiselect",
      "label": "Problemas de pele",
      "options": [
        "Acne",
        "Sensível",
        "Rosácea",
        "Nenhum",
        "Outro"
      ]
    },
    {
      "id": "diet",
      "type": "select",
      "label": "Preferências alimentares",
      "options": [
        "Onívoro",
        "Vegetariano",
        "Vegano",
        "Intolerâncias/Alergias"
      ]
    },
    {
      "id": "medical_conditions",
      "type": "multiselect",
      "label": "Condições médicas",
      "options": [
        "Hipertensão",
        "Diabetes",
        "Gravidez",
        "Problemas articulares",
        "Outro"
      ]
    },
    {
      "id": "goal_deadline",
      "type": "select",
      "label": "Meta de prazo",
      "options": [
        "1 mês",
        "3 meses",
        "6 meses",
        "Sem prazo"
      ]
    },
    {
      "id": "photo",
      "type": "file",
      "label": "Foto inicial (opcional)"
    },
    {
      "id": "consent",
      "type": "checkbox",
      "label": "Concordo com termos e uso de dados",
      "required": true
    }
  ],
  "rules": {
    "age": "if age < 13 -> block and show parental consent flow",
    "skin": "if Acne or Sensível -> recommend gentle face routines; avoid exfoliation",
    "time": "if session_time <=20 -> recommend HIIT circuits and short routines",
    "equipment": "if 'Nenhum' -> choose bodyweight progressions and elastic bands"
  }
}